{"cameraMode":{"drawMode":0,"name":"Shaded","section":"Shading Mode"},"sceneLighting":false,"audioPlay":false,"sceneViewState":{"m_AlwaysRefresh":false,"showFog":true,"showSkybox":false,"showFlares":true,"showImageEffects":true,"showParticleSystems":true,"showVisualEffectGraphs":true,"m_FxEnabled":true},"in2DMode":false,"pivot":{"x":525.9561767578125,"y":271.046630859375,"z":-0.012735843658447266},"rotation":{"x":0.0010648765601217747,"y":-0.9981054663658142,"z":0.018782703205943109,"w":0.058511264622211459},"size":1.3127650022506714,"orthographic":false}