{"cameraMode":{"drawMode":0,"name":"Shaded","section":"Shading Mode"},"sceneLighting":false,"audioPlay":false,"sceneViewState":{"m_AlwaysRefresh":false,"showFog":true,"showSkybox":false,"showFlares":true,"showImageEffects":true,"showParticleSystems":true,"showVisualEffectGraphs":true,"m_FxEnabled":true},"in2DMode":false,"pivot":{"x":-8.080561637878418,"y":1.8856391906738282,"z":-8.723260879516602},"rotation":{"x":0.00407816655933857,"y":-0.9901353120803833,"z":0.13682149350643159,"w":0.029772112146019937},"size":7.154152870178223,"orthographic":false}