{"cameraMode":{"drawMode":0,"name":"Shaded","section":"Shading Mode"},"sceneLighting":false,"audioPlay":false,"sceneViewState":{"m_AlwaysRefresh":false,"showFog":true,"showSkybox":false,"showFlares":true,"showImageEffects":true,"showParticleSystems":true,"showVisualEffectGraphs":true,"m_FxEnabled":true},"in2DMode":false,"pivot":{"x":-16.04410171508789,"y":0.44602343440055849,"z":9.096120834350586},"rotation":{"x":0.00407816655933857,"y":-0.9901353120803833,"z":0.13682149350643159,"w":0.029772112146019937},"size":1.7671059370040894,"orthographic":false}